<?xml version="1.0" encoding="UTF-8"?>
<histoqueries>
 <histoquery>SELECT title, MIN(date_of_return-date_of_rental), MAX(date_of_return-date_of_rental), AVG(date_of_return-date_of_rental), count(*)&#13;
FROM rentals r&#13;
JOIN copies c ON c.copy_id = r.copy_id&#13;
JOIN movies m ON m.movie_id = c.movie_id&#13;
GROUP BY title&#13;
ORDER BY count(*) DESC</histoquery>
 <histoquery>SELECT first_name, last_name, COUNT(*)&#13;
FROM clients c&#13;
JOIN rentals r ON c.client_id = r.client_id&#13;
GROUP BY first_name, last_name</histoquery>
 <histoquery>SELECT first_name, last_name, COUNT(*)&#13;
FROM clients c&#13;
JOIN rentals r ON c.client_id = r.client_id&#13;
GROUP BY first_name, last_name&#13;
ORDER BY last_name</histoquery>
 <histoquery>SELECT last_name&#13;
FROM actors a&#13;
JOIN starring s ON s.actor_id = a.actor_id</histoquery>
 <histoquery>SELECT last_name&#13;
FROM actors a&#13;
JOIN starring s ON s.actor_id = a.actor_id&#13;
GROUP by last_name</histoquery>
 <histoquery>SELECT last_name, count(*)&#13;
FROM actors a&#13;
JOIN starring s ON s.actor_id = a.actor_id&#13;
GROUP by last_name</histoquery>
 <histoquery>SELECT last_name, count(*)&#13;
FROM actors a&#13;
JOIN starring s ON s.actor_id = a.actor_id&#13;
GROUP by last_name&#13;
HAVING count(*) &gt; 1</histoquery>
 <histoquery>SELECT last_name, sum(price)&#13;
FROM clients c&#13;
JOIN rentals r ON r.client_id = c.client_id&#13;
JOIN copies cop ON cop.copy_id = r.copy_id&#13;
JOIN movies m ON m.movie_id = cop.copy_id&#13;
GROUP BY last_name</histoquery>
 <histoquery>SELECT * FROM rentals</histoquery>
 <histoquery>SELECT last_name, sum(price)&#13;
FROM clients c&#13;
JOIN rentals r ON r.client_id = c.client_id&#13;
JOIN copies cop ON cop.copy_id = r.copy_id&#13;
JOIN movies m ON m.movie_id = cop.movie_id&#13;
GROUP BY last_name</histoquery>
</histoqueries>
